{"cameraMode":{"drawMode":0,"name":"Shaded","section":"Shading Mode"},"sceneLighting":false,"audioPlay":false,"sceneViewState":{"showFog":true,"showMaterialUpdate":false,"showSkybox":false,"showFlares":true,"showImageEffects":true,"showParticleSystems":true},"in2DMode":false,"pivot":{"x":-0.0122452974319458,"y":0.8699227571487427,"z":0.22643429040908814},"rotation":{"x":-0.05916262045502663,"y":0.9293051362037659,"z":-0.17056310176849366,"w":-0.3226863443851471},"size":1.8056037425994874,"orthographic":false}