{"cameraMode":{"drawMode":0,"name":"Shaded","section":"Shading Mode"},"sceneLighting":false,"audioPlay":false,"sceneViewState":{"showFog":true,"showMaterialUpdate":false,"showSkybox":false,"showFlares":true,"showImageEffects":true,"showParticleSystems":true},"in2DMode":false,"pivot":{"x":0.010591179132461548,"y":0.9191451072692871,"z":0.00770530104637146},"rotation":{"x":-0.016380853950977327,"y":-0.9815152883529663,"z":0.09386730194091797,"w":-0.16803577542304994},"size":1.2048600912094117,"orthographic":false}