{"cameraMode":{"drawMode":0,"name":"Shaded","section":"Shading Mode"},"sceneLighting":false,"audioPlay":false,"sceneViewState":{"showFog":true,"showMaterialUpdate":false,"showSkybox":false,"showFlares":true,"showImageEffects":true,"showParticleSystems":true},"in2DMode":false,"pivot":{"x":-2.9802322387695315e-8,"y":0.21390625834465028,"z":-3.203749656677246e-7},"rotation":{"x":-0.18655534088611604,"y":0.21430976688861848,"z":-0.045979950577020648,"w":-0.9582242369651794},"size":0.22963035106658936,"orthographic":false}